{"Año":2014,"Distrito":"Centro","Renta":30197.4391337781}
{"Año":2014,"Distrito":"Arganzuela","Renta":38308.480591288}
{"Año":2014,"Distrito":"Retiro","Renta":54250.4337100724}
{"Año":2014,"Distrito":"Salamanca","Renta":57371.9891979732}
{"Año":2014,"Distrito":"Chamartín","Renta":65216.0404866608}
{"Año":2014,"Distrito":"Tetuán","Renta":32624.3455649262}
{"Año":2014,"Distrito":"Chamberí","Renta":49347.5963638114}
{"Año":2014,"Distrito":"Fuencarral-El Pardo","Renta":54478.5799184442}
{"Año":2014,"Distrito":"Moncloa-Aravaca","Renta":69915.6399421517}
{"Año":2014,"Distrito":"Latina","Renta":29817.6594546112}
{"Año":2014,"Distrito":"Carabanchel","Renta":26625.8807591793}
{"Año":2014,"Distrito":"Usera","Renta":24059.9276132359}
{"Año":2014,"Distrito":"Puente de Vallecas","Renta":23405.0320904701}
{"Año":2014,"Distrito":"Moratalaz","Renta":34191.2475979388}
{"Año":2014,"Distrito":"Ciudad Lineal","Renta":44001.4792848185}
{"Año":2014,"Distrito":"Hortaleza","Renta":56606.3294413877}
{"Año":2014,"Distrito":"Villaverde","Renta":24870.7781658107}
{"Año":2014,"Distrito":"Villa de Vallecas","Renta":31063.398662559}
{"Año":2014,"Distrito":"Vicálvaro","Renta":27926.5402508259}
{"Año":2014,"Distrito":"San Blas","Renta":32807.0556639936}
{"Año":2014,"Distrito":"Barajas","Renta":42155.2770280886}
{"Año":2020,"Distrito":"Centro","Renta":36984.0}
{"Año":2020,"Distrito":"Arganzuela","Renta":45310.0}
{"Año":2020,"Distrito":"Retiro","Renta":56302.0}
{"Año":2020,"Distrito":"Salamanca","Renta":60401.0}
{"Año":2020,"Distrito":"Chamartín","Renta":69202.0}
{"Año":2020,"Distrito":"Tetuán","Renta":38799.0}
{"Año":2020,"Distrito":"Chamberí","Renta":55757.0}
{"Año":2020,"Distrito":"Fuencarral-El Pardo","Renta":54292.0}
{"Año":2020,"Distrito":"Moncloa-Aravaca","Renta":62202.0}
{"Año":2020,"Distrito":"Latina","Renta":32957.0}
{"Año":2020,"Distrito":"Carabanchel","Renta":30890.0}
{"Año":2020,"Distrito":"Usera","Renta":28770.0}
{"Año":2020,"Distrito":"Puente de Vallecas","Renta":27714.0}
{"Año":2020,"Distrito":"Moratalaz","Renta":37890.0}
{"Año":2020,"Distrito":"Ciudad Lineal","Renta":40532.0}
{"Año":2020,"Distrito":"Hortaleza","Renta":52880.0}
{"Año":2020,"Distrito":"Villaverde","Renta":29640.0}
{"Año":2020,"Distrito":"Villa de Vallecas","Renta":34190.0}
{"Año":2020,"Distrito":"Vicálvaro","Renta":35589.0}
{"Año":2020,"Distrito":"San Blas","Renta":38163.0}
{"Año":2020,"Distrito":"Barajas","Renta":50985.0}
